,season,team,coach,top_av_player,passer,rusher,receiver,franchise_code,passer_name,passer_url,coach_name,coach_url
0,2021,Miami Dolphins,Flores,Howard,Tagovailoa,Gaskin,Waddle,/teams/mia/,Tua Tagovailoa,/players/T/TagoTu00.htm,Brian Flores,/coaches/FlorBr0.htm
1,2020,Miami Dolphins,Flores,Howard,Fitzpatrick,Gaskin,Parker,/teams/mia/,Ryan Fitzpatrick,/players/F/FitzRy00.htm,Brian Flores,/coaches/FlorBr0.htm
2,2019,Miami Dolphins,Flores,Fitzpatrick,Fitzpatrick,Fitzpatrick,Parker,/teams/mia/,Ryan Fitzpatrick,/players/F/FitzRy00.htm,Brian Flores,/coaches/FlorBr0.htm
3,2018,Miami Dolphins,Gase,Howard,Tannehill,Gore,Amendola,/teams/mia/,Ryan Tannehill,/players/T/TannRy00.htm,Adam Gase,/coaches/GaseAd0.htm
4,2017,Miami Dolphins,Gase,Jones,Cutler,Drake,Landry,/teams/mia/,Jay Cutler,/players/C/CutlJa00.htm,Adam Gase,/coaches/GaseAd0.htm
5,2016,Miami Dolphins,Gase,Suh,Tannehill,Ajayi,Landry,/teams/mia/,Ryan Tannehill,/players/T/TannRy00.htm,Adam Gase,/coaches/GaseAd0.htm
6,2015,Miami Dolphins,"Campbell,Philbin",Tannehill,Tannehill,Miller,Landry,/teams/mia/,Ryan Tannehill,/players/T/TannRy00.htm,"Dan Campbell,Joe Philbin","/coaches/CampDa1.htm,/coaches/PhilJo0.htm"
7,2014,Miami Dolphins,Philbin,Tannehill,Tannehill,Miller,Wallace,/teams/mia/,Ryan Tannehill,/players/T/TannRy00.htm,Joe Philbin,/coaches/PhilJo0.htm
8,2013,Miami Dolphins,Philbin,Tannehill,Tannehill,Miller,Hartline,/teams/mia/,Ryan Tannehill,/players/T/TannRy00.htm,Joe Philbin,/coaches/PhilJo0.htm
9,2012,Miami Dolphins,Philbin,Wake,Tannehill,Bush,Hartline,/teams/mia/,Ryan Tannehill,/players/T/TannRy00.htm,Joe Philbin,/coaches/PhilJo0.htm
10,2011,Miami Dolphins,"Sparano,Bowles",Burnett,Moore,Bush,Marshall,/teams/mia/,Matt Moore,/players/M/MoorMa01.htm,"Tony Sparano,Todd Bowles","/coaches/SparTo0.htm,/coaches/BowlTo0.htm"
11,2010,Miami Dolphins,Sparano,Wake,Henne,Brown,Marshall,/teams/mia/,Chad Henne,/players/H/HennCh01.htm,Tony Sparano,/coaches/SparTo0.htm
12,2009,Miami Dolphins,Sparano,Long,Henne,Williams,Bess,/teams/mia/,Chad Henne,/players/H/HennCh01.htm,Tony Sparano,/coaches/SparTo0.htm
13,2008,Miami Dolphins,Sparano,Pennington,Pennington,Brown,Ginn,/teams/mia/,Chad Pennington,/players/P/PennCh01.htm,Tony Sparano,/coaches/SparTo0.htm
14,2007,Miami Dolphins,Cameron,Taylor,Lemon,Brown,Booker,/teams/mia/,Cleo Lemon,/players/L/LemoCl00.htm,Cam Cameron,/coaches/CameCa0.htm
15,2006,Miami Dolphins,Saban,Taylor,Harrington,Brown,Booker,/teams/mia/,Joey Harrington,/players/H/HarrJo00.htm,Nick Saban,/coaches/SabaNi0.htm
16,2005,Miami Dolphins,Saban,Thomas,Frerotte,Brown,Chambers,/teams/mia/,Gus Frerotte,/players/F/FrerGu00.htm,Nick Saban,/coaches/SabaNi0.htm
17,2004,Miami Dolphins,"Bates,Wannstedt",Taylor,Feeley,Morris,Chambers,/teams/mia/,A.J. Feeley,/players/F/FeelA.00.htm,"Jim Bates,Dave Wannstedt","/coaches/BateJi0.htm,/coaches/WannDa0.htm"
18,2003,Miami Dolphins,Wannstedt,Thomas,Fiedler,Williams,Chambers,/teams/mia/,Jay Fiedler,/players/F/FiedJa00.htm,Dave Wannstedt,/coaches/WannDa0.htm
19,2002,Miami Dolphins,Wannstedt,Williams,Fiedler,Williams,Chambers,/teams/mia/,Jay Fiedler,/players/F/FiedJa00.htm,Dave Wannstedt,/coaches/WannDa0.htm
20,2001,Miami Dolphins,Wannstedt,Taylor,Fiedler,Smith,Chambers,/teams/mia/,Jay Fiedler,/players/F/FiedJa00.htm,Dave Wannstedt,/coaches/WannDa0.htm
21,2000,Miami Dolphins,Wannstedt,Taylor,Fiedler,Smith,Gadsden,/teams/mia/,Jay Fiedler,/players/F/FiedJa00.htm,Dave Wannstedt,/coaches/WannDa0.htm
22,1999,Miami Dolphins,Johnson,Madison,Marino,Johnson,Martin,/teams/mia/,Dan Marino,/players/M/MariDa00.htm,Jimmy Johnson,/coaches/JohnJi0.htm
23,1998,Miami Dolphins,Johnson,Thomas,Marino,Abdul-Jabbar,McDuffie,/teams/mia/,Dan Marino,/players/M/MariDa00.htm,Jimmy Johnson,/coaches/JohnJi0.htm
24,1997,Miami Dolphins,Johnson,Marino,Marino,Abdul-Jabbar,McDuffie,/teams/mia/,Dan Marino,/players/M/MariDa00.htm,Jimmy Johnson,/coaches/JohnJi0.htm
25,1996,Miami Dolphins,Johnson,Webb,Marino,Abdul-Jabbar,McDuffie,/teams/mia/,Dan Marino,/players/M/MariDa00.htm,Jimmy Johnson,/coaches/JohnJi0.htm
26,1995,Miami Dolphins,Shula,Webb,Marino,Parmalee,Fryar,/teams/mia/,Dan Marino,/players/M/MariDa00.htm,Don Shula,/coaches/ShulDo0.htm
27,1994,Miami Dolphins,Shula,Webb,Marino,Parmalee,Fryar,/teams/mia/,Dan Marino,/players/M/MariDa00.htm,Don Shula,/coaches/ShulDo0.htm
28,1993,Miami Dolphins,Shula,Webb,Mitchell,Higgs,Fryar,/teams/mia/,Scott Mitchell,/players/M/MitcSc00.htm,Don Shula,/coaches/ShulDo0.htm
29,1992,Miami Dolphins,Shula,Webb,Marino,Higgs,Duper,/teams/mia/,Dan Marino,/players/M/MariDa00.htm,Don Shula,/coaches/ShulDo0.htm
32,1991,Miami Dolphins,Shula,Marino,Marino,Higgs,Duper,/teams/mia/,Dan Marino,/players/M/MariDa00.htm,Don Shula,/coaches/ShulDo0.htm
33,1990,Miami Dolphins,Shula,Offerdahl,Marino,Smith,Duper,/teams/mia/,Dan Marino,/players/M/MariDa00.htm,Don Shula,/coaches/ShulDo0.htm
34,1989,Miami Dolphins,Shula,Marino,Marino,Smith,Clayton,/teams/mia/,Dan Marino,/players/M/MariDa00.htm,Don Shula,/coaches/ShulDo0.htm
35,1988,Miami Dolphins,Shula,Marino,Marino,Hampton,Clayton,/teams/mia/,Dan Marino,/players/M/MariDa00.htm,Don Shula,/coaches/ShulDo0.htm
36,1987,Miami Dolphins,Shula,Marino,Marino,Stradford,Clayton,/teams/mia/,Dan Marino,/players/M/MariDa00.htm,Don Shula,/coaches/ShulDo0.htm
37,1986,Miami Dolphins,Shula,Marino,Marino,Hampton,Duper,/teams/mia/,Dan Marino,/players/M/MariDa00.htm,Don Shula,/coaches/ShulDo0.htm
38,1985,Miami Dolphins,Shula,Stephenson,Marino,Nathan,Clayton,/teams/mia/,Dan Marino,/players/M/MariDa00.htm,Don Shula,/coaches/ShulDo0.htm
39,1984,Miami Dolphins,Shula,Marino,Marino,Bennett,Clayton,/teams/mia/,Dan Marino,/players/M/MariDa00.htm,Don Shula,/coaches/ShulDo0.htm
40,1983,Miami Dolphins,Shula,Betters,Marino,Franklin,Duper,/teams/mia/,Dan Marino,/players/M/MariDa00.htm,Don Shula,/coaches/ShulDo0.htm
41,1982,Miami Dolphins,Shula,Baumhower,Woodley,Franklin,Cefalo,/teams/mia/,David Woodley,/players/W/WoodDa00.htm,Don Shula,/coaches/ShulDo0.htm
42,1981,Miami Dolphins,Shula,Baumhower,Woodley,Nathan,Harris,/teams/mia/,David Woodley,/players/W/WoodDa00.htm,Don Shula,/coaches/ShulDo0.htm
43,1980,Miami Dolphins,Shula,Bokamper,Woodley,Williams,Nathan,/teams/mia/,David Woodley,/players/W/WoodDa00.htm,Don Shula,/coaches/ShulDo0.htm
44,1979,Miami Dolphins,Shula,Baumhower,Griese,Csonka,Moore,/teams/mia/,Bob Griese,/players/G/GrieBo00.htm,Don Shula,/coaches/ShulDo0.htm
45,1978,Miami Dolphins,Shula,Williams,Griese,Williams,Harris,/teams/mia/,Bob Griese,/players/G/GrieBo00.htm,Don Shula,/coaches/ShulDo0.htm
46,1977,Miami Dolphins,Shula,Langer,Griese,Malone,Moore,/teams/mia/,Bob Griese,/players/G/GrieBo00.htm,Don Shula,/coaches/ShulDo0.htm
47,1976,Miami Dolphins,Shula,Langer,Griese,Malone,Moore,/teams/mia/,Bob Griese,/players/G/GrieBo00.htm,Don Shula,/coaches/ShulDo0.htm
48,1975,Miami Dolphins,Shula,Little,Griese,Morris,Moore,/teams/mia/,Bob Griese,/players/G/GrieBo00.htm,Don Shula,/coaches/ShulDo0.htm
49,1974,Miami Dolphins,Shula,Little,Griese,Csonka,Moore,/teams/mia/,Bob Griese,/players/G/GrieBo00.htm,Don Shula,/coaches/ShulDo0.htm
50,1973,Miami Dolphins,Shula,Anderson,Griese,Csonka,Warfield,/teams/mia/,Bob Griese,/players/G/GrieBo00.htm,Don Shula,/coaches/ShulDo0.htm
51,1972,Miami Dolphins,Shula,Anderson,Morrall,Csonka,Warfield,/teams/mia/,Earl Morrall,/players/M/MorrEa00.htm,Don Shula,/coaches/ShulDo0.htm
52,1971,Miami Dolphins,Shula,Warfield,Griese,Csonka,Warfield,/teams/mia/,Bob Griese,/players/G/GrieBo00.htm,Don Shula,/coaches/ShulDo0.htm
53,1970,Miami Dolphins,Shula,Kiick,Griese,Csonka,Warfield,/teams/mia/,Bob Griese,/players/G/GrieBo00.htm,Don Shula,/coaches/ShulDo0.htm
54,1969,Miami Dolphins,Wilson,Buoniconti,Griese,Kiick,Seiple,/teams/mia/,Bob Griese,/players/G/GrieBo00.htm,George Wilson,/coaches/WilsGe0.htm
55,1968,Miami Dolphins,Wilson,Griese,Griese,Kiick,Noonan,/teams/mia/,Bob Griese,/players/G/GrieBo00.htm,George Wilson,/coaches/WilsGe0.htm
56,1967,Miami Dolphins,Wilson,Clancy,Griese,Haynes,Clancy,/teams/mia/,Bob Griese,/players/G/GrieBo00.htm,George Wilson,/coaches/WilsGe0.htm
57,1966,Miami Dolphins,Wilson,West,Wood,Auer,Roberson,/teams/mia/,Dick Wood,/players/W/WoodDi00.htm,George Wilson,/coaches/WilsGe0.htm
