,season,team,coach,top_av_player,passer,rusher,receiver,franchise_code,passer_name,passer_url,coach_name,coach_url
0,2021,Philadelphia Eagles,Sirianni,Hurts,Hurts,Hurts,Smith,/teams/phi/,Jalen Hurts,/players/H/HurtJa00.htm,Nick Sirianni,/coaches/SiriNi0.htm
1,2020,Philadelphia Eagles,Pederson,Cox,Wentz,Sanders,Fulgham,/teams/phi/,Carson Wentz,/players/W/WentCa00.htm,Doug Pederson,/coaches/PedeDo0.htm
2,2019,Philadelphia Eagles,Pederson,Kelce,Wentz,Sanders,Ertz,/teams/phi/,Carson Wentz,/players/W/WentCa00.htm,Doug Pederson,/coaches/PedeDo0.htm
3,2018,Philadelphia Eagles,Pederson,Cox,Wentz,Adams,Ertz,/teams/phi/,Carson Wentz,/players/W/WentCa00.htm,Doug Pederson,/coaches/PedeDo0.htm
4,2017,Philadelphia Eagles,Pederson,Kelce,Wentz,Blount,Ertz,/teams/phi/,Carson Wentz,/players/W/WentCa00.htm,Doug Pederson,/coaches/PedeDo0.htm
5,2016,Philadelphia Eagles,Pederson,Graham,Wentz,Mathews,Ertz,/teams/phi/,Carson Wentz,/players/W/WentCa00.htm,Doug Pederson,/coaches/PedeDo0.htm
6,2015,Philadelphia Eagles,"Kelly,Shurmur",Cox,Bradford,Murray,Matthews,/teams/phi/,Sam Bradford,/players/B/BradSa00.htm,"Chip Kelly,Pat Shurmur","/coaches/KellCh0.htm,/coaches/ShurPa0.htm"
7,2014,Philadelphia Eagles,Kelly,Cox,Sanchez,McCoy,Maclin,/teams/phi/,Mark Sanchez,/players/S/SancMa00.htm,Chip Kelly,/coaches/KellCh0.htm
8,2013,Philadelphia Eagles,Kelly,McCoy,Foles,McCoy,Jackson,/teams/phi/,Nick Foles,/players/F/FoleNi00.htm,Chip Kelly,/coaches/KellCh0.htm
9,2012,Philadelphia Eagles,Reid,Vick,Vick,McCoy,Maclin,/teams/phi/,Michael Vick,/players/V/VickMi00.htm,Andy Reid,/coaches/ReidAn0.htm
10,2011,Philadelphia Eagles,Reid,Babin,Vick,McCoy,Jackson,/teams/phi/,Michael Vick,/players/V/VickMi00.htm,Andy Reid,/coaches/ReidAn0.htm
11,2010,Philadelphia Eagles,Reid,Vick,Vick,McCoy,Jackson,/teams/phi/,Michael Vick,/players/V/VickMi00.htm,Andy Reid,/coaches/ReidAn0.htm
12,2009,Philadelphia Eagles,Reid,Jackson,McNabb,McCoy,Jackson,/teams/phi/,Donovan McNabb,/players/M/McNaDo00.htm,Andy Reid,/coaches/ReidAn0.htm
13,2008,Philadelphia Eagles,Reid,Mikell,McNabb,Westbrook,Jackson,/teams/phi/,Donovan McNabb,/players/M/McNaDo00.htm,Andy Reid,/coaches/ReidAn0.htm
14,2007,Philadelphia Eagles,Reid,Westbrook,McNabb,Westbrook,Curtis,/teams/phi/,Donovan McNabb,/players/M/McNaDo00.htm,Andy Reid,/coaches/ReidAn0.htm
15,2006,Philadelphia Eagles,Reid,Andrews,McNabb,Westbrook,Brown,/teams/phi/,Donovan McNabb,/players/M/McNaDo00.htm,Andy Reid,/coaches/ReidAn0.htm
16,2005,Philadelphia Eagles,Reid,Trotter,McNabb,Westbrook,Owens,/teams/phi/,Donovan McNabb,/players/M/McNaDo00.htm,Andy Reid,/coaches/ReidAn0.htm
17,2004,Philadelphia Eagles,Reid,Sheppard,McNabb,Westbrook,Owens,/teams/phi/,Donovan McNabb,/players/M/McNaDo00.htm,Andy Reid,/coaches/ReidAn0.htm
18,2003,Philadelphia Eagles,Reid,McNabb,McNabb,Westbrook,Pinkston,/teams/phi/,Donovan McNabb,/players/M/McNaDo00.htm,Andy Reid,/coaches/ReidAn0.htm
19,2002,Philadelphia Eagles,Reid,Vincent,McNabb,Staley,Pinkston,/teams/phi/,Donovan McNabb,/players/M/McNaDo00.htm,Andy Reid,/coaches/ReidAn0.htm
20,2001,Philadelphia Eagles,Reid,Trotter,McNabb,Staley,Thrash,/teams/phi/,Donovan McNabb,/players/M/McNaDo00.htm,Andy Reid,/coaches/ReidAn0.htm
21,2000,Philadelphia Eagles,Reid,Douglas,McNabb,McNabb,Lewis,/teams/phi/,Donovan McNabb,/players/M/McNaDo00.htm,Andy Reid,/coaches/ReidAn0.htm
22,1999,Philadelphia Eagles,Reid,Vincent,Pederson,Staley,Small,/teams/phi/,Doug Pederson,/players/P/PedeDo00.htm,Andy Reid,/coaches/ReidAn0.htm
23,1998,Philadelphia Eagles,Rhodes,Zordich,Detmer,Staley,Graham,/teams/phi/,Koy Detmer,/players/D/DetmKo00.htm,Ray Rhodes,/coaches/RhodRa0.htm
24,1997,Philadelphia Eagles,Rhodes,Fryar,Hoying,Watters,Fryar,/teams/phi/,Bobby Hoying,/players/H/HoyiBo00.htm,Ray Rhodes,/coaches/RhodRa0.htm
25,1996,Philadelphia Eagles,Rhodes,Watters,Detmer,Watters,Fryar,/teams/phi/,Ty Detmer,/players/D/DetmTy00.htm,Ray Rhodes,/coaches/RhodRa0.htm
26,1995,Philadelphia Eagles,Rhodes,Harmon,Peete,Watters,Williams,/teams/phi/,Rodney Peete,/players/P/PeetRo00.htm,Ray Rhodes,/coaches/RhodRa0.htm
27,1994,Philadelphia Eagles,Kotite,Allen,Cunningham,Walker,Barnett,/teams/phi/,Randall Cunningham,/players/C/CunnRa00.htm,Rich Kotite,/coaches/KotiRi0.htm
28,1993,Philadelphia Eagles,Kotite,Allen,Brister,Walker,Williams,/teams/phi/,Bubby Brister,/players/B/BrisBu00.htm,Rich Kotite,/coaches/KotiRi0.htm
29,1992,Philadelphia Eagles,Kotite,Simmons,Cunningham,Walker,Barnett,/teams/phi/,Randall Cunningham,/players/C/CunnRa00.htm,Rich Kotite,/coaches/KotiRi0.htm
32,1991,Philadelphia Eagles,Kotite,White,McMahon,Joseph,Barnett,/teams/phi/,Jim McMahon,/players/M/McMaJi00.htm,Rich Kotite,/coaches/KotiRi0.htm
33,1990,Philadelphia Eagles,Ryan,Cunningham,Cunningham,Cunningham,Byars,/teams/phi/,Randall Cunningham,/players/C/CunnRa00.htm,Buddy Ryan,/coaches/RyanBu0.htm
34,1989,Philadelphia Eagles,Ryan,Allen,Cunningham,Cunningham,Byars,/teams/phi/,Randall Cunningham,/players/C/CunnRa00.htm,Buddy Ryan,/coaches/RyanBu0.htm
35,1988,Philadelphia Eagles,Ryan,White,Cunningham,Cunningham,Jackson,/teams/phi/,Randall Cunningham,/players/C/CunnRa00.htm,Buddy Ryan,/coaches/RyanBu0.htm
36,1987,Philadelphia Eagles,Ryan,White,Cunningham,Cunningham,Quick,/teams/phi/,Randall Cunningham,/players/C/CunnRa00.htm,Buddy Ryan,/coaches/RyanBu0.htm
37,1986,Philadelphia Eagles,Ryan,White,Jaworski,Byars,Quick,/teams/phi/,Ron Jaworski,/players/J/JawoRo00.htm,Buddy Ryan,/coaches/RyanBu0.htm
38,1985,Philadelphia Eagles,"Campbell,Bruney",Hopkins,Jaworski,Jackson,Quick,/teams/phi/,Ron Jaworski,/players/J/JawoRo00.htm,"Marion Campbell,Fred Bruney","/coaches/CampMa0.htm,/coaches/BrunFr0.htm"
39,1984,Philadelphia Eagles,Campbell,Brown,Jaworski,Montgomery,Quick,/teams/phi/,Ron Jaworski,/players/J/JawoRo00.htm,Marion Campbell,/coaches/CampMa0.htm
40,1983,Philadelphia Eagles,Campbell,Quick,Jaworski,Oliver,Quick,/teams/phi/,Ron Jaworski,/players/J/JawoRo00.htm,Marion Campbell,/coaches/CampMa0.htm
41,1982,Philadelphia Eagles,Vermeil,Jaworski,Jaworski,Montgomery,Carmichael,/teams/phi/,Ron Jaworski,/players/J/JawoRo00.htm,Dick Vermeil,/coaches/VermDi0.htm
42,1981,Philadelphia Eagles,Vermeil,Montgomery,Jaworski,Montgomery,Carmichael,/teams/phi/,Ron Jaworski,/players/J/JawoRo00.htm,Dick Vermeil,/coaches/VermDi0.htm
43,1980,Philadelphia Eagles,Vermeil,Johnson,Jaworski,Montgomery,Smith,/teams/phi/,Ron Jaworski,/players/J/JawoRo00.htm,Dick Vermeil,/coaches/VermDi0.htm
44,1979,Philadelphia Eagles,Vermeil,Montgomery,Jaworski,Montgomery,Carmichael,/teams/phi/,Ron Jaworski,/players/J/JawoRo00.htm,Dick Vermeil,/coaches/VermDi0.htm
45,1978,Philadelphia Eagles,Vermeil,Bergey,Jaworski,Montgomery,Carmichael,/teams/phi/,Ron Jaworski,/players/J/JawoRo00.htm,Dick Vermeil,/coaches/VermDi0.htm
46,1977,Philadelphia Eagles,Vermeil,Bergey,Jaworski,Hogan,Carmichael,/teams/phi/,Ron Jaworski,/players/J/JawoRo00.htm,Dick Vermeil,/coaches/VermDi0.htm
47,1976,Philadelphia Eagles,Vermeil,Bergey,Boryla,Hogan,Carmichael,/teams/phi/,Mike Boryla,/players/B/BoryMi00.htm,Dick Vermeil,/coaches/VermDi0.htm
48,1975,Philadelphia Eagles,McCormack,Bergey,Gabriel,Sullivan,Young,/teams/phi/,Roman Gabriel,/players/G/GabrRo00.htm,Mike McCormack,/coaches/McCoMi0.htm
49,1974,Philadelphia Eagles,McCormack,Bergey,Gabriel,Sullivan,Young,/teams/phi/,Roman Gabriel,/players/G/GabrRo00.htm,Mike McCormack,/coaches/McCoMi0.htm
50,1973,Philadelphia Eagles,McCormack,Gabriel,Gabriel,Sullivan,Carmichael,/teams/phi/,Roman Gabriel,/players/G/GabrRo00.htm,Mike McCormack,/coaches/McCoMi0.htm
51,1972,Philadelphia Eagles,Khayat,Bradley,Reaves,James,Jackson,/teams/phi/,John Reaves,/players/R/ReavJo00.htm,Ed Khayat,/coaches/KhayEd0.htm
52,1971,Philadelphia Eagles,"Khayat,Williams",Bradley,Liske,Bull,Jackson,/teams/phi/,Pete Liske,/players/L/LiskPe00.htm,"Ed Khayat,Jerry Williams","/coaches/KhayEd0.htm,/coaches/WillJe0.htm"
53,1970,Philadelphia Eagles,Williams,Snead,Snead,Pinder,Jackson,/teams/phi/,Norm Snead,/players/S/SneaNo00.htm,Jerry Williams,/coaches/WillJe0.htm
54,1969,Philadelphia Eagles,Williams,Jackson,Snead,Woodeshick,Jackson,/teams/phi/,Norm Snead,/players/S/SneaNo00.htm,Jerry Williams,/coaches/WillJe0.htm
55,1968,Philadelphia Eagles,Kuharich,Woodeshick,Snead,Woodeshick,Hawkins,/teams/phi/,Norm Snead,/players/S/SneaNo00.htm,Joe Kuharich,/coaches/KuhaJo0.htm
56,1967,Philadelphia Eagles,Kuharich,Hawkins,Snead,Woodeshick,Hawkins,/teams/phi/,Norm Snead,/players/S/SneaNo00.htm,Joe Kuharich,/coaches/KuhaJo0.htm
57,1966,Philadelphia Eagles,Kuharich,Brown,Snead,Brown,Retzlaff,/teams/phi/,Norm Snead,/players/S/SneaNo00.htm,Joe Kuharich,/coaches/KuhaJo0.htm
58,1965,Philadelphia Eagles,Kuharich,Brown,Snead,Brown,Retzlaff,/teams/phi/,Norm Snead,/players/S/SneaNo00.htm,Joe Kuharich,/coaches/KuhaJo0.htm
59,1964,Philadelphia Eagles,Kuharich,Baughan,Snead,Gros,Retzlaff,/teams/phi/,Norm Snead,/players/S/SneaNo00.htm,Joe Kuharich,/coaches/KuhaJo0.htm
60,1963,Philadelphia Eagles,Skorich,Brown,Jurgensen,Brown,Retzlaff,/teams/phi/,Sonny Jurgensen,/players/J/JurgSo00.htm,Nick Skorich,/coaches/SkorNi0.htm
61,1962,Philadelphia Eagles,Skorich,Brown,Jurgensen,Brown,McDonald,/teams/phi/,Sonny Jurgensen,/players/J/JurgSo00.htm,Nick Skorich,/coaches/SkorNi0.htm
64,1961,Philadelphia Eagles,Skorich,Jurgensen,Jurgensen,Peaks,McDonald,/teams/phi/,Sonny Jurgensen,/players/J/JurgSo00.htm,Nick Skorich,/coaches/SkorNi0.htm
65,1960,Philadelphia Eagles,Shaw,Van Brocklin,Van Brocklin,Peaks,Retzlaff,/teams/phi/,Norm Van Brocklin,/players/V/VanBNo00.htm,Buck Shaw,/coaches/ShawLa0.htm
66,1959,Philadelphia Eagles,Shaw,,Van Brocklin,Barnes,McDonald,/teams/phi/,Norm Van Brocklin,/players/V/VanBNo00.htm,Buck Shaw,/coaches/ShawLa0.htm
67,1958,Philadelphia Eagles,Shaw,,Van Brocklin,Barnes,Retzlaff,/teams/phi/,Norm Van Brocklin,/players/V/VanBNo00.htm,Buck Shaw,/coaches/ShawLa0.htm
68,1957,Philadelphia Eagles,Devore,,Thomason,Barnes,Walston,/teams/phi/,Bobby Thomason,/players/T/ThomBo02.htm,Hugh Devore,/coaches/DevoHu0.htm
69,1956,Philadelphia Eagles,Devore,,Thomason,Keller,Walston,/teams/phi/,Bobby Thomason,/players/T/ThomBo02.htm,Hugh Devore,/coaches/DevoHu0.htm
70,1955,Philadelphia Eagles,Trimble,,Burk,Giancanelli,Pihos,/teams/phi/,Adrian Burk,/players/B/BurkAd00.htm,Jim Trimble,/coaches/TrimJi0.htm
71,1954,Philadelphia Eagles,Trimble,,Burk,Parmer,Pihos,/teams/phi/,Adrian Burk,/players/B/BurkAd00.htm,Jim Trimble,/coaches/TrimJi0.htm
72,1953,Philadelphia Eagles,Trimble,,Thomason,Johnson,Pihos,/teams/phi/,Bobby Thomason,/players/T/ThomBo02.htm,Jim Trimble,/coaches/TrimJi0.htm
73,1952,Philadelphia Eagles,Trimble,,Thomason,Huzvar,Grant,/teams/phi/,Bobby Thomason,/players/T/ThomBo02.htm,Jim Trimble,/coaches/TrimJi0.htm
74,1951,Philadelphia Eagles,"Millner,McMillin",,Burk,Ziegler,Pihos,/teams/phi/,Adrian Burk,/players/B/BurkAd00.htm,"Wayne Millner,Bo McMillin","/coaches/MillWa0.htm,/coaches/McMiAl0.htm"
75,1950,Philadelphia Eagles,Neale,,Thompson,Ziegler,Ferrante,/teams/phi/,Tommy Thompson,/players/T/ThomTo21.htm,Greasy Neale,/coaches/NealGr0.htm
76,1949,Philadelphia Eagles,Neale,,Thompson,Van Buren,Ferrante,/teams/phi/,Tommy Thompson,/players/T/ThomTo21.htm,Greasy Neale,/coaches/NealGr0.htm
77,1948,Philadelphia Eagles,Neale,,Thompson,Van Buren,Pihos,/teams/phi/,Tommy Thompson,/players/T/ThomTo21.htm,Greasy Neale,/coaches/NealGr0.htm
78,1947,Philadelphia Eagles,Neale,,Thompson,Van Buren,Pihos,/teams/phi/,Tommy Thompson,/players/T/ThomTo21.htm,Greasy Neale,/coaches/NealGr0.htm
79,1946,Philadelphia Eagles,Neale,,Thompson,Van Buren,Ferrante,/teams/phi/,Tommy Thompson,/players/T/ThomTo21.htm,Greasy Neale,/coaches/NealGr0.htm
80,1945,Philadelphia Eagles,Neale,,Zimmerman,Van Buren,Ferrante,/teams/phi/,Roy Zimmerman,/players/Z/ZimmRo20.htm,Greasy Neale,/coaches/NealGr0.htm
81,1944,Philadelphia Eagles,Neale,,Zimmerman,Van Buren,Bleeker,/teams/phi/,Roy Zimmerman,/players/Z/ZimmRo20.htm,Greasy Neale,/coaches/NealGr0.htm
82,1943,Phi/Pit Eagles/Steelers,"Neale,Kiesling",,Zimmerman,Hinkle,Bova,/teams/phi/,Roy Zimmerman,/players/Z/ZimmRo20.htm,"Greasy Neale,Walt Kiesling","/coaches/NealGr0.htm,/coaches/KiesWa0.htm"
83,1942,Philadelphia Eagles,Neale,,Thompson,Davis,Meyer,/teams/phi/,Tommy Thompson,/players/T/ThomTo21.htm,Greasy Neale,/coaches/NealGr0.htm
84,1941,Philadelphia Eagles,Neale,,Thompson,Castiglia,Humbert,/teams/phi/,Tommy Thompson,/players/T/ThomTo21.htm,Greasy Neale,/coaches/NealGr0.htm
85,1940,Philadelphia Eagles,Bell,,O'Brien,Riffle,Looney,/teams/phi/,Davey O'Brien,/players/O/OBriDa21.htm,Bert Bell,/coaches/BellBe0.htm
86,1939,Philadelphia Eagles,Bell,,O'Brien,Smukler,Ramsey,/teams/phi/,Davey O'Brien,/players/O/OBriDa21.htm,Bert Bell,/coaches/BellBe0.htm
87,1938,Philadelphia Eagles,Bell,,Smukler,Smukler,Carter,/teams/phi/,Dave Smukler,/players/S/SmukDa20.htm,Bert Bell,/coaches/BellBe0.htm
88,1937,Philadelphia Eagles,Bell,,Smukler,Mortell,Carter,/teams/phi/,Dave Smukler,/players/S/SmukDa20.htm,Bert Bell,/coaches/BellBe0.htm
89,1936,Philadelphia Eagles,Bell,,Smukler,Hanson,Manske,/teams/phi/,Dave Smukler,/players/S/SmukDa20.htm,Bert Bell,/coaches/BellBe0.htm
90,1935,Philadelphia Eagles,Wray,,Storm,Hanson,Carter,/teams/phi/,Ed Storm,/players/S/StorEd20.htm,Lud Wray,/coaches/WrayLu0.htm
91,1934,Philadelphia Eagles,Wray,,Matesic,Hanson,Carter,/teams/phi/,Ed Matesic,/players/M/MateEd20.htm,Lud Wray,/coaches/WrayLu0.htm
92,1933,Philadelphia Eagles,Wray,,Kirkman,Hanson,Hanson,/teams/phi/,Red Kirkman,/players/K/KirkRe20.htm,Lud Wray,/coaches/WrayLu0.htm
